code,system
8CR1.00,readv2
14B3.12,readv2
9Nk7000,readv2
679V.00,readv2
H37..00,readv2
H3?00,readv2
H3B..00,readv2
H36..00,readv2
66YI.00,readv2
H3z..11,readv2
CA22,readv2
66Ye.00,readv2
66Yi.00,readv2
66YB000,readv2
66YB100,readv2
H3z..00,readv2
H3?11,readv2
663K.00,readv2
H3A..00,readv2
1112,readv2
H38..00,readv2
H39..00,readv2
66YS.00,readv2
66YB200,readv2
66YD.00,readv2
66YT.00,readv2
66YB.00,readv2
9Oi..00,readv2
H31yz00,readv2
H312.00,readv2
H313.00,readv2
H311.00,readv2
H311z00,readv2
H312300,readv2
H31y.00,readv2
H310z00,readv2
H312000,readv2
H311100,readv2
H31..00,readv2
H583200,readv2
H312011,readv2
H310.00,readv2
H31z.00,readv2
H311000,readv2
H312100,readv2
H310000,readv2
H312z00,readv2
1113,readv2
H320300,readv2
H320z00,readv2
H320200,readv2
H320000,readv2
H320100,readv2
H320.00,readv2
66Yd.00,readv2
H321.00,readv2
H32z.00,readv2
H32y100,readv2
H32..00,readv2
H32y200,readv2
H322.00,readv2
1472,readv2
J43,readv2
J43,readv2
14OX.00,readv2
66Yf.00,readv2
H312200,readv2
H3y..00,readv2
H3y..11,readv2
Hyu3100,readv2
9Oi4.00,readv2
9Oi3.00,readv2
9Oi1.00,readv2
9Oi0.00,readv2
9Oi2.00,readv2
66YL.11,readv2
66YL.00,readv2
H32y.00,readv2
Hyu3000,readv2
H32yz00,readv2
J44,readv2
J44,readv2
8CMW500,readv2
H32y111,readv2
H32y000,readv2
H32yz11,readv2
9NgP.00,readv2
9NgP.11,readv2
66Yh.00,readv2
6Yg.00,readv2
H464000,readv2
H464100,readv2
H3y1.00,readv2
H3y0.00,readv2
H31y100,readv2
66YM.00,readv2
63480004,readv2
195951007,readv2
84409004,readv2
826111000000109,readv2
313299006,readv2
716281000000103,readv2
713731000000102,readv2
414087000,readv2
270473001,readv2
40100001,readv2
866901000000103,readv2
716901000000101,readv2
736283006,readv2
135836000,readv2
196027008,readv2
68328006,readv2
848431000000106,readv2
77690003,readv2
723245007,readv2
413845009,readv2
293991000000106,readv2
61937009,readv2
857661000000104,readv2
195963002,readv2
185086009,readv2
716241000000106,readv2
394703002,readv2
195949008,readv2
198901000000105,readv2
390891009,readv2
716358000,readv2
717021000000106,readv2
383611000000102,readv2
195959009,readv2
16003001,readv2
198401000000104,readv2
45145000,readv2
1823851000006103,readv2
313296004,readv2
198411000000102,readv2
4981000,readv2
313297008,readv2
401184000,readv2
717521000000104,readv2
266355005,readv2
89549007,readv2
195957006,readv2
741056003,readv2
266356006,readv2
401185004,readv2
195958001,readv2
390941006,readv2
8743301,readv2
74417001,readv2
195953005,readv2
196001008,readv2
87433001,readv2
170628003,readv2
13645005,readv2
10692761000119107,readv2
196026004,readv2
760601000000107,readv2
394702007,readv2
52571006,readv2
760621000000103,readv2